Customer Name,Feedback
John Smith,"Excellent service, very satisfied with my policy."
Jane Doe,"Had an issue with claim processing, but it was resolved quickly."
Emily Johnson,"Very helpful customer service, answered all my questions."
Michael Brown,"Premiums are a bit high, but overall a good experience."
Sarah Davis,Fast and efficient claims process.
David Wilson,"Policy options are confusing, need better explanations."
Laura Martinez,"Great value for money, highly recommend."
Robert Anderson,"Long wait times on the phone, need improvement."
Jessica Thomas,Very satisfied with the coverage offered.
Daniel Lee,"Easy to navigate website, found what I needed quickly."
Maria Hernandez,"Claims process was a hassle, took too long to get reimbursed."
James Garcia,"Friendly and knowledgeable staff, very pleased."
Linda Robinson,"Prices are competitive, but service can be improved."
Kevin Clark,"Excellent mobile app, very user-friendly."
Angela Lewis,"Had a great experience, would recommend to others."
Brian Walker,"Unclear policy terms, need more transparency."
Sandra Hall,"Very quick response time, satisfied with the service."
Matthew Young,"Had to follow up multiple times for claim status, frustrating."
Kimberly King,Impressed with the range of policies available.
William Wright,"Customer service was not helpful, need better training."
Megan Lopez,Smooth and easy renewal process.
Christopher Hill,"Had a minor issue with billing, but it was resolved."
Amanda Scott,"Policy rates increased without notice, not happy."
Joshua Green,"Great coverage options, very happy with my choice."
Stephanie Adams,"Website could be more intuitive, had trouble finding information."
Andrew Baker,"Professional and courteous staff, very satisfied."
Rachel Nelson,Took too long to get a response to my inquiry.
Justin Carter,Very satisfied with the claim settlement process.
Nicole Mitchell,"Found a better rate elsewhere, but service was good here."
Ryan Perez,Policy documents are too lengthy and complex.
Michelle Roberts,"Excellent customer support, very responsive."
Eric Turner,"Had an issue with auto-renewal, but it was fixed promptly."
Brittany Phillips,"Convenient payment options, very pleased."
Anthony Campbell,Had trouble understanding the coverage details.
Heather Parker,Very happy with the overall service and coverage.
Jason Evans,Claims process was straightforward and quick.
Lauren Edwards,"Policy premiums are reasonable, satisfied."
Aaron Collins,"Website was down when I needed to access my account, inconvenient."
Kelly Stewart,Great experience with the customer service team.
Gregory Sanchez,"Found the perfect policy for my needs, very satisfied."
Victoria Morris,Took too long to receive my policy documents.
Benjamin Rogers,"Smooth claim process, very pleased with the outcome."
Katherine Reed,"Policy options are good, but need more customization."
Samuel Cook,"Customer service was not very helpful, disappointing."
Christine Morgan,"Premiums are a bit high, but good coverage options."
Timothy Bell,Very satisfied with the ease of managing my policy online.
Teresa Murphy,"Claims process was a bit confusing, but overall good service."
Edward Rivera,"Had an issue with my claim, but it was resolved satisfactorily."
Samantha Cooper,"Easy to understand policy terms, very happy."
Nathan Bailey,Customer service response time could be better.
Amy Rivera,"Found a better policy with another company, but service here was good."
Patrick Richardson,Policy renewal process was smooth and hassle-free.
Deborah Cox,"Friendly and helpful customer service, very satisfied."
Jonathan Wood,Had to wait too long for claim approval.
Melissa Diaz,"Excellent coverage options, very pleased with my policy."
Stephen Long,Customer service was rude and unhelpful.
Rebecca Hughes,Policy terms are clear and easy to understand.
Adam Foster,Had a great experience with the claims department.
Sharon Bryant,"Premiums are affordable, very satisfied."
Jeremy Ross,Customer service was not very knowledgeable.
Dorothy Peterson,"Easy to file a claim, very pleased with the service."
Bryan Torres,"Had an issue with billing, but it was resolved quickly."
Hannah Reed,"Great policy options, very happy with my choice."
Frank Henderson,"Long wait times for customer service, need improvement."
Rachel Washington,"Found the perfect policy for my needs, very satisfied."
Bradley Brooks,"Claims process was very efficient, happy with the outcome."
Allison Sanders,Had trouble accessing my account online.
Mark Price,"Excellent customer support, very responsive."
Anna Bennett,"Policy rates are a bit high, but good coverage."
Zachary Barnes,Very satisfied with the overall service.
Tammy Rogers,Took too long to get a response to my inquiry.
Christian Kelly,"Easy to navigate website, found what I needed quickly."
Marissa Howard,"Had an issue with claim processing, but it was resolved quickly."
Paul Russell,"Very helpful customer service, answered all my questions."
Victoria Griffin,"Premiums are a bit high, but overall a good experience."
Dennis Patterson,Fast and efficient claims process.
Kaitlyn Coleman,"Policy options are confusing, need better explanations."
Mark Simmons,"Great value for money, highly recommend."
Laura Foster,"Long wait times on the phone, need improvement."
Matthew Hayes,Very satisfied with the coverage offered.
Susan Watson,"Easy to navigate website, found what I needed quickly."
Travis Kim,"Claims process was a hassle, took too long to get reimbursed."
Julia Price,"Friendly and knowledgeable staff, very pleased."
Steven Rivera,"Prices are competitive, but service can be improved."
Melissa Patterson,"Excellent mobile app, very user-friendly."
James Turner,"Had a great experience, would recommend to others."
Maria Phillips,"Unclear policy terms, need more transparency."
Charles Russell,"Very quick response time, satisfied with the service."
Olivia Coleman,"Had to follow up multiple times for claim status, frustrating."
Zachary Butler,Impressed with the range of policies available.
Grace Perry,"Customer service was not helpful, need better training."
Justin Lee,Smooth and easy renewal process.
Jennifer Cox,"Had a minor issue with billing, but it was resolved."
Tyler Collins,"Policy rates increased without notice, not happy."
Amanda Bailey,"Great coverage options, very happy with my choice."
Raymond Howard,"Website could be more intuitive, had trouble finding information."
Tiffany Carter,"Professional and courteous staff, very satisfied."
